{
  "days_grid": [
    10.0,
    30.0,
    60.0,
    91.0,
    122.0,
    152.0,
    182.0,
    273.0,
    365.0,
    547.0,
    730.0
  ],
  "delta_grid": [
    0.10000000149011612,
    0.15000000596046448,
    0.20000000298023224,
    0.25,
    0.30000001192092896,
    0.3499999940395355,
    0.4000000059604645,
    0.44999998807907104,
    0.5,
    0.550000011920929,
    0.6000000238418579,
    0.6499999761581421,
    0.699999988079071,
    0.75,
    0.800000011920929,
    0.8500000238418579,
    0.8999999761581421
  ],
  "cp_order": [
    "C",
    "P"
  ],
  "shape": [
    244,
    2,
    11,
    17
  ]
}